City_ID,City,Lat,Lng,Max Temp,Humidity,Cloudiness,Wind Speed,Country,Date
0,Tambo Grande,-4.9269,-80.3447,66.36,75,98,3.91,PE,2022-06-07 11:48:54
1,Port Moresby,-9.4431,147.1797,78.22,89,40,3.44,PG,2022-06-07 11:48:54
2,Pimentel,-6.8367,-79.9342,62.89,77,20,12.66,PE,2022-06-07 11:48:55
3,Tasiilaq,65.6145,-37.6368,39.36,68,100,3.13,GL,2022-06-07 11:48:55
4,East London,-33.0153,27.9116,74.34,46,0,6.91,ZA,2022-06-07 11:48:56
5,Zhongshu,24.5167,103.7667,65.14,89,79,2.35,CN,2022-06-07 11:48:56
6,Hamilton,39.1834,-84.5333,67.75,97,100,4.61,US,2022-06-07 11:46:44
7,Port Alfred,-33.5906,26.891,72.18,42,8,3.0,ZA,2022-06-07 11:48:56
8,Bambous Virieux,-20.3428,57.7575,76.21,88,40,12.66,MU,2022-06-07 11:48:57
9,Busselton,-33.65,115.3333,58.53,52,84,17.4,AU,2022-06-07 11:48:57
10,Tiksi,71.6872,128.8694,43.66,79,65,9.6,RU,2022-06-07 11:48:58
11,Mataura,-46.1927,168.8643,51.48,95,17,3.24,NZ,2022-06-07 11:48:58
12,Hilo,19.7297,-155.09,75.27,89,0,6.91,US,2022-06-07 11:45:43
13,Atambua,-9.1061,124.8925,74.07,84,10,3.69,ID,2022-06-07 11:48:58
14,Yar-Sale,66.8333,70.8333,67.32,27,53,12.73,RU,2022-06-07 11:48:59
15,Vaini,-21.2,-175.2,71.76,78,40,4.61,TO,2022-06-07 11:48:59
16,Evensk,61.95,159.2333,48.81,78,83,9.82,RU,2022-06-07 11:48:59
17,Alice Springs,-23.7,133.8833,45.95,76,0,4.61,AU,2022-06-07 11:49:00
18,Yellowknife,62.456,-114.3525,54.12,66,20,4.61,CA,2022-06-07 11:45:09
19,Deputatskiy,69.3,139.9,48.69,42,1,15.21,RU,2022-06-07 11:49:00
20,Butaritari,3.0707,172.7902,81.59,79,70,15.43,KI,2022-06-07 11:49:01
21,Barrow,71.2906,-156.7887,24.82,86,100,14.97,US,2022-06-07 11:49:01
22,Airai,-8.9266,125.4092,59.83,90,27,2.86,TL,2022-06-07 11:49:01
23,Fairbanks,64.8378,-147.7164,57.16,54,0,11.5,US,2022-06-07 11:49:02
24,Stroud,51.75,-2.2,69.42,66,40,2.3,GB,2022-06-07 11:44:43
25,Kimbe,-5.5502,150.1429,76.06,91,73,2.77,PG,2022-06-07 11:49:02
26,Longyearbyen,78.2186,15.6401,44.44,65,75,17.27,SJ,2022-06-07 11:49:02
27,Lehututu,-23.9667,21.8667,68.86,28,4,11.21,BW,2022-06-07 11:49:03
28,Puri,19.8,85.85,90.12,83,18,17.29,IN,2022-06-07 11:49:03
29,Oranjestad,12.524,-70.027,82.35,74,20,20.71,AW,2022-06-07 11:44:15
30,Atuona,-9.8,-139.0333,77.74,70,6,14.85,PF,2022-06-07 11:45:24
31,Portland,45.5234,-122.6762,51.24,91,0,1.99,US,2022-06-07 11:44:35
32,Yulara,-25.2406,130.9889,52.36,49,0,11.3,AU,2022-06-07 11:49:04
33,Cabra,37.4725,-4.4421,89.87,15,16,7.36,ES,2022-06-07 11:49:04
34,Kindu,-2.95,25.95,87.66,37,86,4.09,CD,2022-06-07 11:49:05
35,Chokurdakh,70.6333,147.9167,39.13,57,2,13.73,RU,2022-06-07 11:49:05
36,Sangin,32.0728,64.8359,99.63,5,0,10.94,AF,2022-06-07 11:49:05
37,Tuatapere,-46.1333,167.6833,45.79,91,8,6.49,NZ,2022-06-07 11:49:06
38,Rikitea,-23.1203,-134.9692,72.63,61,40,16.37,PF,2022-06-07 11:47:32
39,Clarence Town,-32.5833,151.7833,54.61,63,4,11.86,AU,2022-06-07 11:49:06
40,Talnakh,69.4865,88.3972,43.21,59,100,16.49,RU,2022-06-07 11:49:07
41,Ushuaia,-54.8,-68.3,33.04,89,94,10.58,AR,2022-06-07 11:44:54
42,Tual,-5.6667,132.75,83.12,72,95,5.48,ID,2022-06-07 11:49:07
43,Tuktoyaktuk,69.4541,-133.0374,30.22,85,19,8.9,CA,2022-06-07 11:49:08
44,Hovd,48.0056,91.6419,61.02,29,75,7.02,MN,2022-06-07 11:49:08
45,Manado,1.487,124.8455,75.97,100,20,2.3,ID,2022-06-07 11:50:08
46,Khatanga,71.9667,102.5,56.93,41,99,4.38,RU,2022-06-07 11:50:09
47,Provideniya,64.3833,-173.3,43.41,70,61,2.71,RU,2022-06-07 11:50:09
48,Yibin,28.7667,104.6238,73.74,80,89,1.3,CN,2022-06-07 11:50:10
49,Albany,42.6001,-73.9662,67.03,59,95,6.67,US,2022-06-07 11:46:41
50,Carnarvon,-24.8667,113.6333,75.83,58,98,20.49,AU,2022-06-07 11:50:10
51,Medicine Hat,50.0501,-110.6683,50.99,94,100,8.05,CA,2022-06-07 11:50:11
52,Bengkulu,-3.8004,102.2655,78.26,85,75,1.81,ID,2022-06-07 11:50:11
53,Zhigansk,66.7697,123.3711,61.66,66,52,4.52,RU,2022-06-07 11:50:11
54,Puerto Morazan,12.8504,-87.1717,73.87,94,100,1.68,NI,2022-06-07 11:50:12
55,Cape Town,-33.9258,18.4232,86.41,23,0,17.27,ZA,2022-06-07 11:45:33
56,Salvador,13.8333,-88.9167,67.05,98,100,1.25,SV,2022-06-07 11:49:50
57,Marsaxlokk,35.8419,14.5431,86.61,42,0,10.36,MT,2022-06-07 11:50:12
58,Cabo San Lucas,22.8909,-109.9124,73.71,46,0,2.3,MX,2022-06-07 11:46:26
59,Mogadishu,2.0371,45.3438,80.47,74,75,24.16,SO,2022-06-07 11:50:12
60,Cherskiy,68.75,161.3,40.98,60,24,8.03,RU,2022-06-07 11:50:13
61,Hermanus,-34.4187,19.2345,85.8,36,0,3.42,ZA,2022-06-07 11:50:13
62,Saint George,37.1041,-113.5841,75.79,30,0,8.05,US,2022-06-07 11:50:14
63,Kavaratti,10.5669,72.642,82.18,76,99,17.34,IN,2022-06-07 11:50:14
64,Pangnirtung,66.1451,-65.7125,39.2,81,20,3.44,CA,2022-06-07 11:50:14
65,Kruisfontein,-34.0033,24.7314,77.61,23,17,6.15,ZA,2022-06-07 11:50:15
66,Komsomolskiy,40.4272,71.7189,93.92,15,0,4.61,UZ,2022-06-07 11:50:15
67,Grand Gaube,-20.0064,57.6608,76.37,71,75,7.0,MU,2022-06-07 11:50:16
68,Chernitsyno,51.5074,36.051,75.97,48,50,5.77,RU,2022-06-07 11:50:16
69,Mandapam,9.2833,79.1167,82.26,82,100,23.33,IN,2022-06-07 11:50:16
70,Avarua,-21.2078,-159.775,77.05,83,20,9.22,CK,2022-06-07 11:50:17
71,Sovetskiy,61.3614,63.5842,64.85,27,48,11.36,RU,2022-06-07 11:50:17
72,Puerto Del Rosario,28.5004,-13.8627,76.75,65,20,16.11,ES,2022-06-07 11:50:17
73,Mount Isa,-20.7333,139.5,60.57,41,2,12.66,AU,2022-06-07 11:50:18
74,Kapaa,22.0752,-159.319,73.72,93,75,12.66,US,2022-06-07 11:50:18
75,Xinzhou,38.4092,112.7333,72.99,37,66,5.95,CN,2022-06-07 11:50:18
76,Binzhou,37.3667,118.0167,69.22,41,0,13.94,CN,2022-06-07 11:50:19
77,Manokwari,-0.8667,134.0833,80.13,78,99,3.22,ID,2022-06-07 11:50:19
78,Kodiak,57.79,-152.4072,49.51,81,100,3.44,US,2022-06-07 11:50:19
79,Necochea,-38.5473,-58.7368,49.95,64,100,8.55,AR,2022-06-07 11:50:20
80,Antalaha,-14.9003,50.2788,77.67,69,60,13.22,MG,2022-06-07 11:50:20
81,Phan Thiet,10.9333,108.1,81.7,82,90,6.73,VN,2022-06-07 11:50:21
82,Bluff,-46.6,168.3333,51.8,76,14,16.28,NZ,2022-06-07 11:50:21
83,Hobart,-42.8794,147.3294,41.05,88,75,12.66,AU,2022-06-07 11:50:21
84,Aste,45.7906,11.0961,72.19,93,99,5.68,IT,2022-06-07 11:50:21
85,Marshall,34.3834,-86.3333,74.07,92,75,8.05,US,2022-06-07 11:49:16
86,Windhoek,-22.5594,17.0832,70.0,26,0,9.22,NA,2022-06-07 11:50:22
87,Mulanje,-16.0316,35.5,59.36,99,100,5.1,MW,2022-06-07 11:50:22
88,Beringovskiy,63.05,179.3167,37.0,91,94,1.81,RU,2022-06-07 11:50:22
89,Hithadhoo,-0.6,73.0833,83.55,66,91,2.59,MV,2022-06-07 11:50:23
90,Rocky Mount,35.9382,-77.7905,71.31,94,0,0.0,US,2022-06-07 11:50:23
91,Byron Bay,-28.65,153.6167,54.95,63,51,13.18,AU,2022-06-07 11:46:50
92,Eyl,7.9803,49.8164,93.54,39,100,28.83,SO,2022-06-07 11:51:24
93,Klaksvik,62.2266,-6.589,52.72,73,96,12.44,FO,2022-06-07 11:51:24
94,Torbay,47.6666,-52.7314,45.28,90,100,12.66,CA,2022-06-07 11:51:25
95,Marsabit,2.3284,37.9899,72.36,45,95,12.68,KE,2022-06-07 11:51:25
96,Acapulco,16.8634,-99.8901,78.37,85,100,4.85,MX,2022-06-07 11:51:25
97,Chuy,-33.6971,-53.4616,52.81,86,7,2.24,UY,2022-06-07 11:51:26
98,Mahebourg,-20.4081,57.7,76.24,88,40,12.66,MU,2022-06-07 11:47:14
99,Frunze,48.6686,38.7544,71.87,56,66,7.72,UA,2022-06-07 11:51:26
100,Nelson Bay,-32.7167,152.15,54.09,68,4,3.0,AU,2022-06-07 11:51:26
101,Macusani,-14.0833,-70.4333,34.39,76,62,1.88,PE,2022-06-07 11:51:27
102,Talkha,31.0539,31.3779,96.12,21,0,18.1,EG,2022-06-07 11:51:27
103,Flinders,-34.5833,150.8552,52.18,67,23,8.99,AU,2022-06-07 11:51:27
104,Kameno,42.5667,27.3,71.89,75,40,12.66,BG,2022-06-07 11:51:28
105,Stromness,58.965,-3.296,55.36,79,69,8.01,GB,2022-06-07 11:51:28
106,Biak,-0.9131,122.8766,77.14,86,94,5.12,ID,2022-06-07 11:51:28
107,Erdenet,49.0333,104.0833,43.27,79,94,8.03,MN,2022-06-07 11:51:29
108,Wajima,37.4,136.9,61.65,85,99,12.15,JP,2022-06-07 11:51:29
109,Taoudenni,22.6783,-3.9836,112.1,8,11,18.97,ML,2022-06-07 11:51:30
110,Punta Arenas,-53.15,-70.9167,41.02,70,0,13.8,CL,2022-06-07 11:50:26
111,Kavieng,-2.5744,150.7967,81.43,77,63,11.32,PG,2022-06-07 11:51:31
112,Upernavik,72.7868,-56.1549,30.81,74,81,5.06,GL,2022-06-07 11:51:31
113,Qaanaaq,77.484,-69.3632,29.01,93,94,1.59,GL,2022-06-07 11:51:31
114,Jasper,37.2001,-94.3502,73.02,95,0,1.01,US,2022-06-07 11:46:44
115,Mao,39.8885,4.2658,81.16,47,0,14.97,ES,2022-06-07 11:51:32
116,Metro,-5.1131,105.3067,77.41,87,94,5.7,ID,2022-06-07 11:51:32
117,Sinnar,13.5691,33.5672,97.66,29,63,17.07,SD,2022-06-07 11:51:32
118,Port Elizabeth,-33.918,25.5701,79.09,34,0,5.75,ZA,2022-06-07 11:51:19
119,Yerofey Pavlovich,53.9667,121.9667,68.43,47,78,4.03,RU,2022-06-07 11:51:33
120,Vardo,70.3705,31.1107,42.78,81,75,11.5,NO,2022-06-07 11:51:33
121,Ribeira Grande,38.5167,-28.7,66.6,94,75,16.11,PT,2022-06-07 11:51:34
122,Beckley,37.7782,-81.1882,62.49,95,100,7.7,US,2022-06-07 11:51:34
123,Igrim,63.1906,64.4162,66.56,28,4,7.78,RU,2022-06-07 11:51:34
124,Bethel,41.3712,-73.414,67.5,68,0,1.01,US,2022-06-07 11:51:35
125,Te Anau,-45.4167,167.7167,45.57,89,61,4.72,NZ,2022-06-07 11:51:35
126,Cayenne,4.9333,-52.3333,79.09,1,40,2.3,GF,2022-06-07 11:51:35
127,Victoria,22.2855,114.1577,84.38,91,100,11.01,HK,2022-06-07 11:46:49
128,San Patricio,28.017,-97.5169,82.29,74,84,12.97,US,2022-06-07 11:51:36
129,Saravan,39.7196,45.6483,76.01,27,42,12.06,AM,2022-06-07 11:51:36
130,Nome,64.5011,-165.4064,55.47,54,0,3.44,US,2022-06-07 11:51:37
131,Jalna,19.8333,75.8833,101.84,19,70,14.38,IN,2022-06-07 11:51:37
132,Sault Sainte Marie,46.5168,-84.3333,48.76,96,100,16.11,CA,2022-06-07 11:46:51
133,Port Hawkesbury,45.6169,-61.3485,58.89,85,0,9.22,CA,2022-06-07 11:51:38
134,Mali,12.079,-12.2982,75.6,44,60,3.04,GN,2022-06-07 11:52:38
135,Shelburne,44.0787,-80.2041,61.75,96,100,10.98,CA,2022-06-07 11:49:29
136,Krasnoselkup,65.7,82.4667,47.35,71,100,12.01,RU,2022-06-07 11:52:38
137,Saint-Philippe,-21.3585,55.7679,78.39,77,91,10.74,RE,2022-06-07 11:52:39
138,Jamestown,42.097,-79.2353,63.99,74,100,10.36,US,2022-06-07 11:52:39
139,Rundu,-17.9333,19.7667,74.91,22,0,10.96,NA,2022-06-07 11:52:39
140,Rancho Palos Verdes,33.7445,-118.387,65.55,94,93,5.01,US,2022-06-07 11:51:12
141,Hellin,38.5106,-1.701,90.37,15,41,0.31,ES,2022-06-07 11:52:40
142,Bol,13.4586,14.7147,84.07,48,6,11.25,TD,2022-06-07 11:52:40
143,Kawalu,-7.3817,108.2082,73.9,93,78,2.89,ID,2022-06-07 11:52:40
144,Puerto Ayora,-0.7393,-90.3518,71.01,87,100,6.49,EC,2022-06-07 11:51:17
145,Narsaq,60.9167,-46.05,44.98,71,95,4.54,GL,2022-06-07 11:52:41
146,Verkhnyaya Inta,65.9811,60.3094,70.12,25,24,3.4,RU,2022-06-07 11:52:41
147,Pombia,45.653,8.6336,80.4,56,20,8.05,IT,2022-06-07 11:52:41
148,Esperance,-33.8667,121.9,53.49,69,58,8.5,AU,2022-06-07 11:52:42
149,Taltal,-25.4,-70.4833,60.35,77,3,0.87,CL,2022-06-07 11:52:42
150,Bredasdorp,-34.5322,20.0403,82.51,18,10,6.2,ZA,2022-06-07 11:52:43
151,Chardara,41.2547,67.9692,91.08,18,0,5.59,KZ,2022-06-07 11:52:43
152,Lagoa,39.05,-27.9833,65.16,89,97,27.47,PT,2022-06-07 11:52:43
153,Christchurch,-43.5333,172.6333,55.42,57,50,4.61,NZ,2022-06-07 11:49:54
154,Ippy,6.2679,21.2247,88.32,48,74,4.72,CF,2022-06-07 11:52:44
155,Lebu,-37.6167,-73.65,53.67,97,100,10.71,CL,2022-06-07 11:48:06
156,Moyale,3.5167,39.0584,69.57,62,96,12.86,KE,2022-06-07 11:52:44
157,Maraa,-1.8333,-65.3667,73.42,93,92,3.36,BR,2022-06-07 11:52:44
158,Nanortalik,60.1432,-45.2371,41.05,82,95,6.67,GL,2022-06-07 11:52:44
159,Samarai,-10.6167,150.6667,81.86,79,92,9.19,PG,2022-06-07 11:52:45
160,Imbituba,-28.24,-48.6703,62.1,99,100,3.0,BR,2022-06-07 11:52:45
161,Arman,59.7,150.1667,55.02,90,60,2.01,RU,2022-06-07 11:52:45
162,Praia Da Vitoria,38.7333,-27.0667,70.05,83,40,14.9,PT,2022-06-07 11:52:46
163,Benidorm,38.5382,-0.131,88.74,67,46,4.5,ES,2022-06-07 11:52:46
164,Fort Morgan,40.2503,-103.8,57.85,94,100,13.8,US,2022-06-07 11:52:46
165,Sobolevo,54.4299,31.8996,70.23,58,92,1.34,RU,2022-06-07 11:52:47
166,Bhadrachalam,17.6667,80.8833,107.55,17,53,6.17,IN,2022-06-07 11:52:47
167,Lompoc,34.6391,-120.4579,54.01,83,100,17.0,US,2022-06-07 11:52:47
168,Lagos,6.5833,3.75,89.92,59,52,5.32,NG,2022-06-07 11:50:21
169,Solnechnyy,50.7214,136.6319,58.96,71,94,3.98,RU,2022-06-07 11:52:48
170,Harper,4.375,-7.7169,81.91,71,100,4.59,LR,2022-06-07 11:52:48
171,Aloleng,16.1307,119.7824,83.5,77,93,8.37,PH,2022-06-07 11:52:48
172,Pevek,69.7008,170.3133,30.72,84,20,6.55,RU,2022-06-07 11:52:49
173,Nalut,30.3333,10.85,100.35,10,0,3.85,LY,2022-06-07 11:52:49
174,Dikson,73.5069,80.5464,31.95,88,26,5.41,RU,2022-06-07 11:52:49
175,Batticaloa,7.7102,81.6924,86.79,63,100,2.26,LK,2022-06-07 11:52:50
176,Oistins,13.0667,-59.5333,82.49,78,20,19.57,BB,2022-06-07 11:52:50
177,Les Cayes,18.2,-73.75,80.19,80,68,6.31,HT,2022-06-07 11:52:50
178,Kieta,-6.2167,155.6333,78.53,86,51,5.14,PG,2022-06-07 11:52:50
179,Nizhnyaya Poyma,56.1622,97.1933,53.33,51,81,4.83,RU,2022-06-07 11:52:51
180,Faanui,-16.4833,-151.75,79.27,76,36,14.65,PF,2022-06-07 11:52:51
181,Ilulissat,69.2167,-51.1,33.96,55,9,3.69,GL,2022-06-07 11:51:18
182,Fontenay-Le-Comte,46.5833,-1.0,68.45,49,36,17.16,FR,2022-06-07 11:53:52
183,Gazojak,41.1875,61.4036,102.36,5,0,3.71,TM,2022-06-07 11:53:52
184,Lata,40.1629,-8.3327,81.48,44,37,10.78,PT,2022-06-07 11:53:52
185,Muisne,0.6,-80.0333,74.77,79,100,2.01,EC,2022-06-07 11:53:53
186,Schneverdingen,53.1167,9.8,65.88,61,86,16.33,DE,2022-06-07 11:53:53
187,Naze,28.3667,129.4833,70.72,85,100,3.98,JP,2022-06-07 11:53:53
188,Kiama,-34.6833,150.8667,52.38,67,23,14.0,AU,2022-06-07 11:49:07
189,Jacksonville,30.3322,-81.6556,77.02,98,40,6.91,US,2022-06-07 11:50:07
190,Hambantota,6.1241,81.1185,86.34,79,20,13.8,LK,2022-06-07 11:53:54
191,Shama,33.6102,104.2852,57.88,84,100,1.59,CN,2022-06-07 11:53:54
192,Nishihara,26.1842,127.7558,74.48,94,75,8.05,JP,2022-06-07 11:53:54
193,Hualmay,-11.0964,-77.6139,62.83,87,93,3.38,PE,2022-06-07 11:53:55
194,Georgetown,5.4112,100.3354,84.15,74,20,7.0,MY,2022-06-07 11:52:27
195,Vila Franca Do Campo,37.7167,-25.4333,66.61,81,85,11.16,PT,2022-06-07 11:53:55
196,Grindavik,63.8424,-22.4338,54.07,76,75,25.32,IS,2022-06-07 11:53:55
197,New Norfolk,-42.7826,147.0587,40.71,85,54,5.01,AU,2022-06-07 11:53:56
198,High Level,58.5169,-117.136,46.51,93,0,0.0,CA,2022-06-07 11:53:56
199,Donskoye,45.4552,41.9741,82.53,36,68,9.1,RU,2022-06-07 11:53:56
200,Zelenoborsk,61.4669,64.0333,65.26,27,36,11.07,RU,2022-06-07 11:53:57
201,Ponta Do Sol,32.6667,-17.1,76.71,74,44,0.96,PT,2022-06-07 11:50:20
202,Tartus,34.889,35.8866,77.81,71,4,11.74,SY,2022-06-07 11:53:57
203,Coihaique,-45.5752,-72.0662,38.01,93,20,1.14,CL,2022-06-07 11:53:58
204,Dingle,10.9995,122.6711,79.84,84,24,1.21,PH,2022-06-07 11:53:58
205,Lavrentiya,65.5833,-171.0,37.09,81,96,1.86,RU,2022-06-07 11:53:58
206,Santa Marta De Tormes,40.9506,-5.6272,77.02,27,0,3.44,ES,2022-06-07 11:53:59
207,Pahrump,36.2083,-115.9839,73.26,31,3,1.99,US,2022-06-07 11:53:59
208,Cukai,4.25,103.4167,78.75,83,80,2.89,MY,2022-06-07 11:53:59
209,Saldanha,-33.0117,17.9442,86.05,34,0,20.07,ZA,2022-06-07 11:54:00
210,Garowe,8.4054,48.4845,88.65,39,100,27.31,SO,2022-06-07 11:54:00
211,Bharthana,26.7571,79.2248,112.66,8,16,12.71,IN,2022-06-07 11:54:00
212,Hervey Bay,-25.2986,152.8535,59.02,67,2,3.0,AU,2022-06-07 11:54:01
213,Rabat,33.9911,-6.8401,75.27,69,20,8.05,MA,2022-06-07 11:49:56
214,Adeje,28.1227,-16.726,81.21,53,20,23.02,ES,2022-06-07 11:54:01
215,Balyaga,51.1507,108.921,52.7,80,95,6.02,RU,2022-06-07 11:54:02
216,Nikolskoye,59.7035,30.7861,68.88,28,9,5.93,RU,2022-06-07 11:54:02
217,Road Town,18.4167,-64.6167,82.99,75,56,18.59,VG,2022-06-07 11:49:38
218,Maryborough,-25.5333,152.7,59.11,72,4,4.92,AU,2022-06-07 11:54:02
219,Faya,18.3851,42.4509,88.32,13,40,4.36,SA,2022-06-07 11:54:03
220,Port Lincoln,-34.7333,135.8667,54.46,70,91,11.43,AU,2022-06-07 11:54:03
221,Lopatino,52.6195,45.8118,65.59,50,11,17.74,RU,2022-06-07 11:54:03
222,Igarka,67.4667,86.5833,49.01,57,91,13.31,RU,2022-06-07 11:54:04
223,Nsanje,-16.92,35.262,65.93,77,100,5.3,MW,2022-06-07 11:54:04
224,Tiznit,29.5833,-9.5,90.19,17,4,7.58,MA,2022-06-07 11:54:04
225,Llanes,43.4198,-4.7549,68.52,75,93,7.27,ES,2022-06-07 11:54:05
226,Nguru,12.8791,10.4526,100.51,19,61,6.11,NG,2022-06-07 11:54:06
227,Soverato,38.685,16.5499,89.15,36,1,11.32,IT,2022-06-07 11:54:06
228,Aykhal,66.0,111.5,61.3,40,52,9.22,RU,2022-06-07 11:54:07
229,Dunedin,-45.8742,170.5036,53.8,53,66,1.99,NZ,2022-06-07 11:54:19
230,Khon Kaen,16.5,102.0833,82.87,65,99,7.81,TH,2022-06-07 11:55:07
231,Katsuura,35.1333,140.3,61.25,87,100,15.55,JP,2022-06-07 11:55:07
232,Golden,39.7555,-105.2211,56.57,83,100,5.75,US,2022-06-07 11:55:07
233,Marratxi,39.6421,2.7539,85.89,75,0,13.8,ES,2022-06-07 11:51:00
234,Zhenlai,45.8495,123.2973,55.58,90,97,7.23,CN,2022-06-07 11:55:08
235,Derzhavinsk,51.1,66.3167,89.01,18,90,14.7,KZ,2022-06-07 11:55:08
236,Akureyri,65.6835,-18.0878,51.73,76,20,8.05,IS,2022-06-07 11:52:53
237,Saskylakh,71.9167,114.0833,53.17,54,52,7.23,RU,2022-06-07 11:55:08
238,Guerrero Negro,27.9769,-114.0611,63.19,82,99,13.04,MX,2022-06-07 11:55:09
239,Fidenza,44.864,10.0667,74.01,60,62,1.28,IT,2022-06-07 11:55:09
240,Norman Wells,65.282,-126.8329,50.04,81,100,3.44,CA,2022-06-07 11:55:09
241,Kaitangata,-46.2817,169.8464,45.73,84,33,7.31,NZ,2022-06-07 11:55:10
242,Bystryy Istok,52.371,84.3873,66.83,41,3,2.77,RU,2022-06-07 11:55:10
243,The Valley,18.217,-63.0578,84.09,80,17,17.49,AI,2022-06-07 11:55:10
244,Porangatu,-13.4408,-49.1486,77.31,42,5,2.64,BR,2022-06-07 11:55:10
245,Qujing,25.4833,103.7833,65.95,77,88,4.05,CN,2022-06-07 11:55:11
246,Kudahuvadhoo,2.6708,72.8944,82.67,70,94,5.03,MV,2022-06-07 11:55:11
247,Northam,51.0333,-4.2167,61.66,87,93,7.02,GB,2022-06-07 11:54:35
248,Toyooka,35.5333,134.8333,57.34,94,55,5.7,JP,2022-06-07 11:55:11
249,Luderitz,-26.6481,15.1594,81.05,25,0,7.4,NA,2022-06-07 11:55:12
250,Fuengirola,36.54,-4.6247,75.2,69,0,10.36,ES,2022-06-07 11:55:12
251,Mandalgovi,45.7625,106.2708,61.75,34,8,9.89,MN,2022-06-07 11:55:12
252,Ponta Delgada,37.7333,-25.6667,66.92,100,75,13.8,PT,2022-06-07 11:55:13
253,Arlit,18.7369,7.3853,103.51,10,84,8.5,NE,2022-06-07 11:55:13
254,Hofn,64.2539,-15.2082,53.62,76,20,8.05,IS,2022-06-07 11:55:13
255,Skelleftea,64.7507,20.9528,64.76,24,0,11.5,SE,2022-06-07 11:55:13
256,Vila Velha,-20.3297,-40.2925,71.94,68,0,3.0,BR,2022-06-07 11:55:14
257,Bayir,37.2687,28.2167,86.52,34,3,6.69,TR,2022-06-07 11:55:14
258,Ambilobe,-13.2,49.05,87.78,39,24,0.58,MG,2022-06-07 11:55:14
259,Mananjary,-21.2167,48.3333,73.83,82,35,4.25,MG,2022-06-07 11:55:15
260,Andenes,69.3143,16.1194,42.78,81,75,27.63,NO,2022-06-07 11:55:15
261,Rocha,-34.4833,-54.3333,49.71,76,21,2.24,UY,2022-06-07 11:55:15
262,Geraldton,-28.7667,114.6,70.21,35,100,18.41,AU,2022-06-07 11:55:15
263,Pokhara,28.2333,83.9833,87.35,47,59,3.76,NP,2022-06-07 11:55:16
264,Lhokseumawe,5.1801,97.1507,80.73,77,100,2.28,ID,2022-06-07 11:55:16
265,Slave Lake,55.2834,-114.769,49.98,93,100,4.61,CA,2022-06-07 11:55:16
266,Port Hedland,-20.3167,118.5667,71.65,37,14,8.05,AU,2022-06-07 11:55:17
267,Ulladulla,-35.35,150.4667,41.77,60,18,12.35,AU,2022-06-07 11:55:17
268,Almazar,40.3217,69.0106,97.86,15,0,7.76,UZ,2022-06-07 11:55:17
269,Bom Jesus,-9.0744,-44.3586,79.75,50,58,6.11,BR,2022-06-07 11:55:18
270,Pano Aqil,27.8569,69.1116,111.09,6,0,6.55,PK,2022-06-07 11:55:18
271,Severodvinsk,64.5635,39.8302,51.91,65,83,3.06,RU,2022-06-07 11:55:18
272,Bathsheba,13.2167,-59.5167,83.01,78,20,19.57,BB,2022-06-07 11:52:34
273,Bela Vista,-22.1089,-56.5211,66.7,88,37,5.35,BR,2022-06-07 11:55:19
274,Pantai Remis,4.4557,100.6288,84.22,81,96,3.74,MY,2022-06-07 11:55:19
275,Thompson,55.7435,-97.8558,41.16,75,20,6.91,CA,2022-06-07 11:54:15
276,Trapani,37.8333,12.6667,93.27,32,7,13.11,IT,2022-06-07 11:56:19
277,Broome,42.2506,-75.833,66.52,57,100,8.99,US,2022-06-07 11:56:19
278,Yining,29.0361,114.5636,74.91,84,56,3.24,CN,2022-06-07 11:56:20
279,Semey,50.4111,80.2275,73.62,28,0,8.95,KZ,2022-06-07 11:56:20
280,Sitka,57.0531,-135.33,55.29,67,100,6.91,US,2022-06-07 11:52:37
281,Ancud,-41.8697,-73.8203,48.56,95,99,8.39,CL,2022-06-07 11:56:20
282,Kyra,49.5776,111.9753,60.13,50,89,3.74,RU,2022-06-07 11:56:21
283,Kyrylivka,46.3759,35.3675,71.55,60,33,13.35,UA,2022-06-07 11:56:21
284,Pisco,-13.7,-76.2167,62.65,88,100,6.91,PE,2022-06-07 11:56:21
285,Banda Aceh,5.5577,95.3222,81.81,78,99,6.24,ID,2022-06-07 11:56:22
286,Khingansk,49.1167,131.1833,56.14,86,19,3.02,RU,2022-06-07 11:56:22
287,Nouakchott,18.0858,-15.9785,87.73,57,44,7.45,MR,2022-06-07 11:56:22
288,San Jose,37.3394,-121.895,56.21,81,0,1.01,US,2022-06-07 11:56:22
289,Kasganj,27.8167,78.65,112.39,7,5,12.84,IN,2022-06-07 11:56:23
290,Razumnoye,50.5344,36.6846,78.08,36,0,6.71,RU,2022-06-07 11:56:23
291,Jieshi,22.8134,115.8257,80.6,85,100,4.97,CN,2022-06-07 11:56:23
292,Amritsar,31.6331,74.8656,112.82,9,23,12.66,IN,2022-06-07 11:53:18
293,Ouricuri,-7.8825,-40.0817,73.15,66,27,8.37,BR,2022-06-07 11:56:24
294,Ketou,7.3633,2.5998,92.43,44,51,3.4,BJ,2022-06-07 11:56:24
295,Altay,47.8667,88.1167,64.83,32,57,8.63,CN,2022-06-07 11:56:24
296,Yamada,39.4667,141.95,51.62,96,100,6.93,JP,2022-06-07 11:56:25
297,Bosobolo,4.1833,19.9,89.8,46,87,6.26,CD,2022-06-07 11:56:25
298,Ocos,14.5094,-92.1933,76.01,81,100,5.59,GT,2022-06-07 11:56:25
299,Broken Hill,-31.95,141.4333,49.35,63,37,8.5,AU,2022-06-07 11:56:25
300,Darnah,32.767,22.6367,79.5,64,0,11.65,LY,2022-06-07 11:56:26
301,Camacha,33.0833,-16.3333,69.22,73,40,12.66,PT,2022-06-07 11:56:26
302,Dalbandin,28.8947,64.4101,100.08,4,0,1.81,PK,2022-06-07 11:56:26
303,Wanxian,30.8039,108.3897,82.81,67,80,3.24,CN,2022-06-07 11:56:27
304,Impfondo,1.6381,18.0667,90.64,45,84,3.22,CG,2022-06-07 11:56:27
305,Dudinka,69.4058,86.1778,43.63,96,100,14.54,RU,2022-06-07 11:56:27
306,Bandarbeyla,9.4942,50.8122,93.9,41,100,24.81,SO,2022-06-07 11:56:28
307,College,64.8569,-147.8028,55.38,55,0,1.99,US,2022-06-07 11:56:28
308,Pemangkat,1.1667,108.9667,82.02,75,58,5.95,ID,2022-06-07 11:56:28
309,Fortuna,40.5982,-124.1573,51.66,95,100,8.05,US,2022-06-07 11:56:28
310,Lokosovo,61.1333,74.8167,55.63,39,63,3.04,RU,2022-06-07 11:56:29
311,Denpasar,-8.65,115.2167,83.86,89,20,14.97,ID,2022-06-07 11:53:54
312,Noumea,-22.2763,166.4572,75.99,99,91,6.4,NC,2022-06-07 11:56:29
313,Parrsboro,45.4001,-64.332,61.41,77,5,5.99,CA,2022-06-07 11:56:29
314,Baghdad,33.3406,44.4009,109.31,10,95,12.66,IQ,2022-06-07 11:53:02
315,Gawler,-34.6,138.7333,48.51,90,84,5.84,AU,2022-06-07 11:56:30
316,Belyy Yar,53.6039,91.3903,63.86,36,0,8.95,RU,2022-06-07 11:52:31
317,Acarau,-2.8856,-40.12,78.67,79,92,8.86,BR,2022-06-07 11:56:30
318,Idil,37.3411,41.8895,89.24,15,0,13.53,TR,2022-06-07 11:56:30
319,Hasaki,35.7333,140.8333,59.4,85,100,19.04,JP,2022-06-07 11:56:31
320,Nenjiang,49.1833,125.2167,63.03,50,8,5.35,CN,2022-06-07 11:56:31
321,Isangel,-19.55,169.2667,73.31,82,62,7.81,VU,2022-06-07 11:56:31
322,Santa Rosa,14.3122,121.1114,86.11,76,96,7.78,PH,2022-06-07 11:57:32
323,Vostok,46.4856,135.8833,54.39,73,69,2.15,RU,2022-06-07 11:57:32
324,Grand Forks,47.9417,-97.4337,50.79,86,87,5.68,US,2022-06-07 11:57:32
325,Bosaso,11.2842,49.1816,96.78,63,20,10.36,SO,2022-06-07 11:57:32
326,Ahipara,-35.1667,173.1667,60.42,95,81,6.93,NZ,2022-06-07 11:57:33
327,Nicoya,10.1483,-85.452,73.2,98,100,0.89,CR,2022-06-07 11:57:33
328,Copiapo,-27.3667,-70.3333,49.69,34,0,0.51,CL,2022-06-07 11:57:33
329,Caibarien,22.5206,-79.4669,77.74,88,74,4.21,CU,2022-06-07 11:57:34
330,Coria,39.9879,-6.5377,82.45,25,44,7.29,ES,2022-06-07 11:57:34
331,Price,39.5994,-110.8107,55.11,44,0,5.17,US,2022-06-07 11:53:58
332,Bima,-8.4667,118.7167,76.98,92,68,3.44,ID,2022-06-07 11:57:34
333,Olafsvik,64.8945,-23.7142,49.87,85,100,9.24,IS,2022-06-07 11:57:35
334,San Andres,12.5847,-81.7006,78.82,94,75,2.3,CO,2022-06-07 11:57:35
335,Sinnamary,5.3833,-52.95,77.47,88,98,3.36,GF,2022-06-07 11:57:35
336,Karratha,-20.7377,116.8463,73.13,58,7,7.9,AU,2022-06-07 11:57:35
337,Mar Del Plata,-38.0023,-57.5575,47.08,93,0,5.75,AR,2022-06-07 11:57:36
338,Coruche,38.9595,-8.5252,88.56,25,16,10.13,PT,2022-06-07 11:57:36
339,Altamira,-3.2033,-52.2064,76.3,82,97,2.64,BR,2022-06-07 11:57:36
340,Constitucion,-35.3333,-72.4167,50.31,77,71,3.96,CL,2022-06-07 11:57:37
341,Deogarh,21.5333,84.7333,107.37,15,54,8.86,IN,2022-06-07 11:57:37
342,Castro,-24.7911,-50.0119,60.39,91,99,3.06,BR,2022-06-07 11:57:37
343,Nizhneudinsk,54.9076,99.0276,57.29,39,78,8.32,RU,2022-06-07 11:57:38
344,Ust-Kulom,61.6864,53.6902,70.12,29,59,11.14,RU,2022-06-07 11:57:38
345,Chichicastenango,14.9333,-91.1167,58.62,94,99,1.14,GT,2022-06-07 11:57:38
346,Clyde River,70.4692,-68.5914,37.63,81,100,3.44,CA,2022-06-07 11:57:38
347,Chapais,49.7834,-74.8492,55.18,78,100,9.6,CA,2022-06-07 11:57:39
348,Lichuan,30.3,108.85,64.96,77,81,2.57,CN,2022-06-07 11:57:39
349,Strezhevoy,60.7333,77.5889,56.64,29,98,5.75,RU,2022-06-07 11:57:39
350,Uttarkashi,30.7333,78.45,93.04,16,5,7.47,IN,2022-06-07 11:57:40
351,Gravdal,68.1214,13.5031,43.36,66,100,26.24,NO,2022-06-07 11:57:40
352,Letlhakane,-21.4167,25.5833,72.52,19,0,13.85,BW,2022-06-07 11:57:40
353,Kupang,-10.1667,123.5833,80.2,76,5,10.8,ID,2022-06-07 11:57:40
354,Sao Joao Da Barra,-21.6403,-41.0511,69.89,53,83,11.5,BR,2022-06-07 11:54:27
355,Prince Rupert,54.3161,-130.3201,51.49,84,20,18.41,CA,2022-06-07 11:57:41
356,Rongcheng,30.634,117.8517,71.08,75,16,4.7,CN,2022-06-07 11:57:41
357,Kondopoga,62.2057,34.2614,65.88,29,3,5.64,RU,2022-06-07 11:57:41
358,Bilibino,68.0546,166.4372,38.91,63,70,8.84,RU,2022-06-07 11:57:42
359,Wakkanai,45.4094,141.6739,44.65,85,7,19.06,JP,2022-06-07 11:57:42
360,Atar,20.5169,-13.0499,105.03,10,92,23.26,MR,2022-06-07 11:57:42
361,Iqaluit,63.7506,-68.5145,40.73,75,40,17.27,CA,2022-06-07 11:57:43
362,Saint-Francois,46.4154,3.9054,70.68,52,0,6.91,FR,2022-06-07 11:57:43
363,Cartagena Del Chaira,1.3349,-74.8429,70.7,100,93,0.67,CO,2022-06-07 11:57:43
364,Supe,-10.8,-77.7333,63.05,85,93,3.0,PE,2022-06-07 11:57:43
365,Riverton,40.5219,-111.9391,58.3,62,0,5.99,US,2022-06-07 11:57:44
366,Kokopo,-4.352,152.2633,77.4,85,48,4.34,PG,2022-06-07 11:57:44
367,Husavik,66.0449,-17.3389,49.03,78,100,6.22,IS,2022-06-07 11:57:44
368,Comodoro Rivadavia,-45.8667,-67.5,40.86,87,0,9.22,AR,2022-06-07 11:55:28
369,Arraial Do Cabo,-22.9661,-42.0278,66.06,82,0,2.3,BR,2022-06-07 11:58:45
370,Hammerfest,70.6634,23.6821,46.85,57,75,18.41,NO,2022-06-07 11:58:45
371,Saint-Joseph,-21.3667,55.6167,77.38,73,83,11.07,RE,2022-06-07 11:58:45
372,Colares,38.7992,-9.4469,80.26,53,20,13.8,PT,2022-06-07 11:58:46
373,Canutama,-6.5339,-64.3831,75.04,88,96,2.53,BR,2022-06-07 11:58:46
374,Xai-Xai,-25.0519,33.6442,72.37,56,4,7.52,MZ,2022-06-07 11:58:46
375,Talakan,50.3167,130.3667,62.44,75,19,4.16,RU,2022-06-07 11:58:47
376,Mendi,-6.1761,143.6513,56.19,98,90,1.68,PG,2022-06-07 11:58:47
377,Sangmelima,2.9333,11.9833,83.14,60,74,1.79,CM,2022-06-07 11:58:47
378,Laguna,38.421,-121.4238,63.64,79,0,5.75,US,2022-06-07 11:58:39
379,Taitung,22.7583,121.1444,79.07,100,75,3.44,TW,2022-06-07 11:58:48
380,Alofi,-19.0595,-169.9187,75.09,78,23,10.36,NU,2022-06-07 11:54:43
381,Saint-Augustin,51.226,-58.6502,51.44,32,0,11.1,CA,2022-06-07 11:58:48
382,Kutum,14.2,24.6667,95.22,10,8,15.64,SD,2022-06-07 11:58:48
383,Gorontalo,0.5412,123.0595,77.88,89,72,3.27,ID,2022-06-07 11:58:48
384,Warman,52.3168,-106.5679,55.09,66,75,6.91,CA,2022-06-07 11:57:53
385,Matina,10.0761,-83.2895,76.06,90,82,3.69,CR,2022-06-07 11:58:49
386,Kiboga,0.9161,31.7742,79.83,41,94,5.97,UG,2022-06-07 11:58:49
387,Seka,17.9285,103.9552,80.28,78,100,0.43,TH,2022-06-07 11:58:49
388,Ivybridge,50.3904,-3.9191,67.26,82,86,11.27,GB,2022-06-07 11:58:50
389,Paamiut,61.994,-49.6678,39.34,78,13,10.2,GL,2022-06-07 11:58:50
390,Kemijarvi,66.7131,27.4306,61.65,29,63,9.01,FI,2022-06-07 11:58:50
391,Vega De Alatorre,20.0333,-96.6333,77.88,79,91,4.43,MX,2022-06-07 11:58:51
392,Basco,20.4487,121.9702,84.74,79,100,12.17,PH,2022-06-07 11:58:51
393,Dhidhdhoo,6.8833,73.1,82.81,75,100,11.9,MV,2022-06-07 11:55:06
394,Adrar,20.5022,-10.0711,104.92,8,8,5.08,MR,2022-06-07 11:58:51
395,Rio Gallegos,-51.6226,-69.2181,37.45,52,0,17.27,AR,2022-06-07 11:58:52
396,Marsa Matruh,31.3525,27.2453,84.4,61,0,10.36,EG,2022-06-07 11:58:52
397,Tyrma,50.0833,132.1667,61.2,56,15,2.21,RU,2022-06-07 11:58:52
398,Sabha,27.0377,14.4283,99.16,12,0,11.77,LY,2022-06-07 11:58:52
399,Guaruja,-23.9931,-46.2564,71.89,26,0,0.0,BR,2022-06-07 11:58:53
400,Mehriz,31.5917,54.4318,97.3,11,17,8.37,IR,2022-06-07 11:58:53
401,Port Macquarie,-31.4333,152.9167,48.88,71,3,9.37,AU,2022-06-07 11:58:53
402,La Rioja,42.25,-2.5,71.38,47,78,8.97,ES,2022-06-07 11:58:54
403,Tautira,-17.7333,-149.15,79.03,72,50,14.32,PF,2022-06-07 11:58:54
404,La Ronge,55.1001,-105.2842,52.05,76,75,3.44,CA,2022-06-07 11:58:54
405,Sao Joao Do Paraiso,-15.3136,-42.0144,66.92,56,10,4.47,BR,2022-06-07 11:58:55
406,Padang,-0.9492,100.3543,82.45,85,98,0.6,ID,2022-06-07 11:58:55
407,Poum,-20.2333,164.0167,76.17,74,80,13.11,NC,2022-06-07 11:58:43
408,Sakiai,54.9547,23.0358,73.65,67,67,9.93,LT,2022-06-07 11:58:55
409,Kichera,55.9375,110.0997,49.21,96,68,6.98,RU,2022-06-07 11:58:55
410,San Lorenzo,-25.3333,-57.5333,59.94,100,100,5.99,PY,2022-06-07 11:58:56
411,Batemans Bay,-35.7167,150.1833,44.62,64,17,7.38,AU,2022-06-07 11:58:56
412,Cidreira,-30.1811,-50.2056,63.18,88,100,4.74,BR,2022-06-07 11:59:56
413,Cleveland,41.4995,-81.6954,66.67,95,100,8.05,US,2022-06-07 11:58:14
414,Riyadh,24.6877,46.7219,111.34,4,0,6.02,SA,2022-06-07 11:59:57
415,Sidi Ali,36.0998,0.4206,80.11,44,17,9.1,DZ,2022-06-07 11:59:57
416,Spirit River,55.7833,-118.8361,52.23,94,100,3.2,CA,2022-06-07 11:59:57
417,Slyudyanka,51.6594,103.7061,46.89,90,91,1.54,RU,2022-06-07 11:59:58
418,Cuamba,-14.8031,36.5372,73.18,57,88,9.42,MZ,2022-06-07 11:59:58
419,Severo-Kurilsk,50.6789,156.125,44.78,84,97,4.0,RU,2022-06-07 11:59:58
420,Samoded,63.6083,40.5111,55.92,54,99,5.35,RU,2022-06-07 11:59:58
421,Puerto Madero,14.7208,-92.4215,77.05,78,100,3.91,MX,2022-06-07 11:59:59
422,Urucara,-2.5364,-57.76,75.7,93,99,3.0,BR,2022-06-07 11:59:59
423,Gostyn,51.8825,17.0123,67.44,72,100,3.94,PL,2022-06-07 11:59:59
424,Catalina,32.5056,-110.9211,74.52,29,0,1.28,US,2022-06-07 12:00:00
425,Rio Grande,-32.035,-52.0986,53.71,87,29,6.64,BR,2022-06-07 12:00:00
426,Maumere,-8.6199,122.2111,80.58,76,12,1.5,ID,2022-06-07 12:00:01
427,Zhangjiakou,40.81,114.8794,62.73,70,58,9.31,CN,2022-06-07 12:00:01
428,Charters Towers,-20.1,146.2667,67.21,53,21,10.8,AU,2022-06-07 12:00:02
429,Marawi,7.9986,124.2928,69.55,95,87,1.59,PH,2022-06-07 12:00:03
430,Bonthe,7.5264,-12.505,84.7,66,58,7.87,SL,2022-06-07 12:00:06
431,Norfolk,42.1668,-71.2495,70.09,67,72,1.01,US,2022-06-07 11:57:55
432,Oakdale,44.963,-92.9649,58.75,79,0,0.0,US,2022-06-07 12:00:07
433,Salinopolis,-0.6136,-47.3561,77.63,87,66,5.97,BR,2022-06-07 12:00:23
434,Devonport,-41.1667,146.35,42.87,67,4,15.03,AU,2022-06-07 12:00:35
435,Vestmannaeyjar,63.4427,-20.2734,50.99,87,20,23.02,IS,2022-06-07 11:57:20
436,Kuhdasht,33.535,47.6061,98.94,7,76,22.17,IR,2022-06-07 12:00:52
437,Makkaveyevo,51.7533,113.9454,58.82,73,61,2.62,RU,2022-06-07 12:00:58
438,Hostinne,50.5407,15.7233,67.26,91,100,7.58,CZ,2022-06-07 11:56:45
439,Mastic Beach,40.7668,-72.8521,69.3,80,78,10.0,US,2022-06-07 11:56:19
440,Toba,34.4833,136.85,66.2,69,10,15.9,JP,2022-06-07 12:01:13
441,Atascadero,35.4894,-120.6707,57.25,72,0,4.59,US,2022-06-07 12:01:19
442,Batagay,67.6333,134.6333,66.29,32,10,4.07,RU,2022-06-07 12:01:24
443,Kapit,2.0167,112.9333,75.96,95,97,0.85,MY,2022-06-07 12:01:26
444,Mayo,38.8876,-76.5119,71.98,86,0,6.91,US,2022-06-07 11:57:42
445,Sisimiut,66.9395,-53.6735,40.84,52,8,10.58,GL,2022-06-07 12:01:27
446,Ust-Ishim,57.6935,71.1665,64.74,40,98,7.38,RU,2022-06-07 12:01:28
447,Kondinskoye,59.6481,67.41,63.82,34,98,13.62,RU,2022-06-07 12:01:30
448,Sokoni,-6.4333,39.55,79.97,72,86,19.95,TZ,2022-06-07 12:01:31
449,Oranjemund,-28.55,16.4333,80.87,22,0,18.21,NA,2022-06-07 11:59:40
450,Kakogawa,34.7667,134.85,64.38,69,28,6.73,JP,2022-06-07 12:01:32
451,Boguchar,49.9358,40.545,72.64,47,42,11.74,RU,2022-06-07 12:01:34
452,Tura,25.5198,90.2201,78.44,92,98,4.83,IN,2022-06-07 12:01:35
453,Panguna,-6.3164,155.4848,68.02,97,51,2.62,PG,2022-06-07 12:01:35
454,Ust-Kuyga,70.0167,135.6,64.6,32,88,10.13,RU,2022-06-07 12:01:35
455,Isla Vista,34.4133,-119.861,67.39,81,0,0.0,US,2022-06-07 12:01:36
456,Middlesbrough,54.5762,-1.2348,62.29,67,75,4.61,GB,2022-06-07 12:01:36
457,Bedesa,8.9,40.7833,65.82,80,60,4.36,ET,2022-06-07 12:02:36
458,Hobyo,5.3505,48.5268,82.04,71,93,24.54,SO,2022-06-07 12:02:37
459,Hayden,47.766,-116.7866,50.72,90,0,10.36,US,2022-06-07 12:02:37
460,Ekibastuz,51.6667,75.3667,81.45,24,82,11.41,KZ,2022-06-07 12:02:37
461,Baoning,25.3378,110.026,76.68,83,67,3.13,CN,2022-06-07 12:02:37
462,Mbuji-Mayi,-6.15,23.6,90.45,24,57,5.68,CD,2022-06-07 12:02:38
463,Brae,60.3964,-1.353,52.95,66,78,16.06,GB,2022-06-07 12:02:38
464,Shkoder,42.0683,19.5126,89.94,47,68,5.3,AL,2022-06-07 12:02:38
465,Senanga,-16.1167,23.2667,77.04,26,0,8.97,ZM,2022-06-07 12:02:39
466,Fayaoue,-20.65,166.5333,75.83,76,51,12.26,NC,2022-06-07 12:02:39
467,Kangaatsiaq,68.3065,-53.4641,34.0,69,8,6.11,GL,2022-06-07 12:02:39
468,Dubti,11.7361,41.0853,105.44,10,84,5.66,ET,2022-06-07 12:02:39
469,Hit,33.6416,42.8251,105.39,9,68,10.94,IQ,2022-06-07 12:02:40
470,San Carlos,9.6612,-68.5827,77.47,78,65,2.13,VE,2022-06-07 12:02:40
471,Takab,36.4009,47.1133,83.86,15,83,22.5,IR,2022-06-07 12:02:40
472,Henties Bay,-22.116,14.2845,83.16,25,0,16.55,NA,2022-06-07 12:02:41
473,Puerto Carreno,6.189,-67.4859,77.16,81,28,2.26,CO,2022-06-07 12:02:41
474,Vila,42.0304,-8.1588,66.7,59,45,5.75,PT,2022-06-07 12:02:41
475,Goderich,43.7501,-81.7165,62.91,99,100,13.82,CA,2022-06-07 12:02:15
476,Nara,34.6851,135.8049,65.5,48,62,3.22,JP,2022-06-07 11:58:39
477,Champerico,14.3,-91.9167,74.97,85,100,0.67,GT,2022-06-07 12:02:42
478,Sioux Lookout,50.1001,-91.917,51.71,71,63,2.24,CA,2022-06-07 12:02:42
479,Teguise,29.0605,-13.564,75.42,57,20,20.71,ES,2022-06-07 12:02:42
480,Kenora,49.8167,-94.4337,55.78,66,56,3.0,CA,2022-06-07 12:02:43
481,Saint-Pierre,-21.3393,55.4781,78.48,65,0,21.85,RE,2022-06-07 12:02:43
482,Mayumba,-3.432,10.6554,79.2,73,99,6.29,GA,2022-06-07 12:02:43
483,Porto Belo,-27.1578,-48.5531,64.26,94,98,3.87,BR,2022-06-07 12:02:43
484,Matveyevka,52.15,56.1833,63.75,69,87,18.88,RU,2022-06-07 12:02:44
485,Fukue,32.6881,128.8419,68.68,75,90,9.01,JP,2022-06-07 12:02:44
486,Jining,35.405,116.5814,83.35,24,88,5.57,CN,2022-06-07 11:59:20
487,Buchanan,5.8808,-10.0467,78.71,81,99,1.77,LR,2022-06-07 12:02:44
488,Marathon,44.9,-89.7668,55.15,87,0,8.05,US,2022-06-07 12:02:45
489,Vallenar,-28.5708,-70.7581,58.6,22,0,0.49,CL,2022-06-07 12:02:45
490,Srednekolymsk,67.45,153.6833,42.46,49,31,11.34,RU,2022-06-07 12:02:45
491,Samana,19.2056,-69.3369,79.02,89,40,0.0,DO,2022-06-07 12:02:45
492,Stonewall,50.1344,-97.3268,52.68,76,1,6.02,CA,2022-06-07 12:02:46
493,Palmer,42.1584,-72.3287,68.65,60,58,4.0,US,2022-06-07 11:58:47
494,Buenavista,8.9769,125.4089,77.18,90,74,2.37,PH,2022-06-07 12:02:46
495,Kuchera,26.9839,73.9719,106.09,9,6,17.76,IN,2022-06-07 12:02:46
496,Winslow,35.0242,-110.6974,64.58,32,0,4.61,US,2022-06-07 12:02:47
497,Tabuk,17.4189,121.4443,77.07,89,100,5.7,PH,2022-06-07 12:02:47
498,Natal,-5.795,-35.2094,81.0,70,94,9.78,BR,2022-06-07 12:02:47
499,Verin,41.9415,-7.4381,75.56,36,40,7.18,ES,2022-06-07 12:02:48
500,Teknaf,20.8624,92.3058,83.05,79,82,7.36,BD,2022-06-07 12:02:48
501,Puerto Escondido,15.85,-97.0667,78.49,79,100,5.68,MX,2022-06-07 11:59:48
502,Ryotsu,38.0833,138.4333,63.03,93,97,8.39,JP,2022-06-07 12:02:48
503,Aksha,50.2814,113.2867,63.91,48,64,2.37,RU,2022-06-07 12:02:48
504,Omboue,-1.5746,9.2618,81.05,71,86,9.95,GA,2022-06-07 12:02:49
505,Touros,-5.1989,-35.4608,81.3,70,77,12.06,BR,2022-06-07 12:02:49
506,Bacungan,9.9106,118.7022,82.02,75,93,1.81,PH,2022-06-07 12:02:49
507,Barranca,-10.75,-77.7667,62.67,85,96,3.04,PE,2022-06-07 12:03:50
508,Mount Gambier,-37.8333,140.7667,49.12,70,98,9.26,AU,2022-06-07 12:01:26
509,Mama,58.3106,112.8986,71.82,52,45,3.4,RU,2022-06-07 12:03:50
510,Dom Pedrito,-30.9828,-54.6731,54.05,90,50,5.23,BR,2022-06-07 12:02:47
511,Okha,53.5739,142.9478,40.17,89,59,7.67,RU,2022-06-07 12:03:51
512,Vrangel,42.7297,133.0839,49.55,81,73,5.7,RU,2022-06-07 12:03:51
513,Zyryanka,65.75,150.85,46.42,47,6,9.82,RU,2022-06-07 12:03:51
514,Vanimo,-2.6741,141.3028,78.75,82,100,3.8,PG,2022-06-07 12:03:52
515,Ayan,56.45,138.1667,40.32,90,70,8.66,RU,2022-06-07 12:03:52
516,Lanas,12.0495,121.9185,84.02,73,20,9.06,PH,2022-06-07 12:03:52
517,The Hammocks,25.6715,-80.4445,79.02,95,100,5.75,US,2022-06-07 12:03:52
518,Guatire,10.4762,-66.5427,80.69,90,33,2.06,VE,2022-06-07 12:03:53
519,Cowra,-33.8333,148.6833,37.62,96,36,3.42,AU,2022-06-07 12:03:53
520,Rumoi,43.9344,141.6428,50.97,84,9,5.35,JP,2022-06-07 12:03:53
521,Tazmalt,36.3868,4.3989,95.0,25,58,5.75,DZ,2022-06-07 12:03:54
522,Agirish,61.9247,63.0231,65.86,24,21,10.65,RU,2022-06-07 12:03:54
523,Lasa,46.6166,10.7002,55.69,96,100,5.88,IT,2022-06-07 12:03:54
524,Lima Duarte,-21.8425,-43.7931,68.18,62,65,2.21,BR,2022-06-07 12:03:55
525,Kisangani,0.5167,25.2,89.91,39,73,4.09,CD,2022-06-07 12:03:55
526,Sohag,26.557,31.6948,98.89,14,0,16.58,EG,2022-06-07 11:59:27
527,Alekseyevsk,57.8406,108.3492,50.47,70,91,10.54,RU,2022-06-07 12:03:55
528,Redlands,34.0556,-117.1825,71.38,79,0,3.44,US,2022-06-07 12:03:05
529,Mwene-Ditu,-7.0,23.45,84.99,27,93,5.82,CD,2022-06-07 12:03:56
530,San-Pedro,4.7485,-6.6363,81.86,72,100,5.08,CI,2022-06-07 12:03:56
531,Santarem,-2.4431,-54.7083,77.41,79,50,3.31,BR,2022-06-07 12:02:32
532,San Cristobal,7.7669,-72.225,69.98,87,68,3.4,VE,2022-06-07 12:03:56
533,Ozernovskiy,51.5,156.5167,43.97,87,83,1.68,RU,2022-06-07 12:03:57
534,Sola,-13.8833,167.55,80.51,73,80,22.19,VU,2022-06-07 12:03:57
535,Bondo,3.8146,23.6866,86.49,51,79,3.02,CD,2022-06-07 12:03:57
536,Sao Gabriel Da Cachoeira,-0.1303,-67.0892,73.89,95,76,2.73,BR,2022-06-07 12:03:57
537,Bairiki,1.3292,172.9752,80.6,78,20,9.22,KI,2022-06-07 12:03:58
538,Itarema,-2.9248,-39.9167,79.29,77,91,9.82,BR,2022-06-07 12:03:58
539,Yelandur,12.0667,77.0333,83.55,66,93,12.08,IN,2022-06-07 12:03:58
540,Qaqortoq,60.7167,-46.0333,42.53,81,92,5.95,GL,2022-06-07 12:03:59
541,Mbini,1.574,9.6134,82.0,74,78,8.23,GQ,2022-06-07 12:03:59
542,Amga,60.8953,131.9608,58.91,85,85,2.66,RU,2022-06-07 12:03:59
543,Tshela,-4.9833,12.9333,88.56,47,94,3.78,CD,2022-06-07 12:04:00
544,Lorengau,-2.0226,147.2712,80.44,80,86,6.02,PG,2022-06-07 12:01:46
545,Pitimbu,-7.4706,-34.8086,75.79,83,99,4.61,BR,2022-06-07 12:04:00
546,Saint Augustine,29.8947,-81.3145,79.0,87,0,0.0,US,2022-06-07 12:04:00
547,Nuuk,64.1835,-51.7216,45.21,57,0,3.44,GL,2022-06-07 12:04:01
548,Porbandar,21.6422,69.6093,87.64,73,6,14.18,IN,2022-06-07 11:59:14
549,Kimberley,-28.7323,24.7623,63.82,30,6,3.36,ZA,2022-06-07 12:02:44
550,Richards Bay,-28.783,32.0377,73.6,48,0,5.61,ZA,2022-06-07 12:04:01
551,Jenbach,47.4013,11.7406,56.75,71,100,2.33,AT,2022-06-07 12:04:02
552,Sao Filipe,14.8961,-24.4956,76.53,69,3,8.57,CV,2022-06-07 12:04:02
553,Selenduma,50.9131,106.2406,45.3,77,100,4.88,RU,2022-06-07 12:05:02
554,Alenquer,-1.9417,-54.7383,75.13,90,61,3.49,BR,2022-06-07 12:05:03
555,Tahta,26.7693,31.5021,99.7,15,0,16.71,EG,2022-06-07 12:05:03
556,Aklavik,68.2191,-135.0107,32.09,83,84,9.8,CA,2022-06-07 12:05:03
557,Kamenka,51.3223,42.7678,68.07,46,4,14.41,RU,2022-06-07 12:05:04
558,Boysun,38.2061,67.1986,85.46,13,0,5.41,UZ,2022-06-07 12:05:04
559,Ushtobe,45.2514,77.9838,82.99,17,0,14.43,KZ,2022-06-07 12:05:04
560,Sambava,-14.2667,50.1667,77.27,74,61,15.95,MG,2022-06-07 12:05:04
561,Burns Lake,54.2331,-125.7533,37.71,97,2,1.99,CA,2022-06-07 12:05:05
562,Namibe,-15.1961,12.1522,85.21,32,45,7.99,AO,2022-06-07 12:05:05
563,Puli,23.9664,120.9695,76.23,100,100,2.1,TW,2022-06-07 12:05:05
564,Neftcala,39.3742,49.2472,76.93,53,43,23.67,AZ,2022-06-07 12:05:06
565,Mackay,-21.15,149.2,68.68,70,99,14.67,AU,2022-06-07 12:05:06
566,Herat,34.5,62.0,90.45,7,0,20.27,AF,2022-06-07 12:05:06
567,Curup,-3.4667,102.5333,69.51,98,82,1.1,ID,2022-06-07 12:05:07
568,Wanning,18.8003,110.3967,82.53,81,100,7.54,CN,2022-06-07 12:05:07
569,Mokrous,51.2333,47.5167,68.88,44,33,19.35,RU,2022-06-07 12:05:07
570,Decatur,39.8403,-88.9548,68.05,94,100,8.05,US,2022-06-07 12:05:07
